[
{
  "model": "polls.poll",
  "pk": 1,
  "fields": {
    "title": "Qual è il tuo colore preferito?",
    "text": "Scegli tra",
    "start": "2022-12-23T23:13:01.016Z",
    "end": "2022-12-31T13:31:02.425Z"
  }
},
{
  "model": "polls.poll",
  "pk": 2,
  "fields": {
    "title": "Qual è il tuo animale preferito?",
    "text": "Scegli tra",
    "start": "2022-12-31T13:32:24.831Z",
    "end": "2023-01-14T13:32:38.118Z"
  }
},
{
  "model": "polls.poll",
  "pk": 3,
  "fields": {
    "title": "Qual è il tuo posto preferito?",
    "text": "Scegli tra",
    "start": "2022-12-23T23:13:01.016Z",
    "end": "2022-12-23T14:09:14.442Z"
  }
},
{
  "model": "polls.poll",
  "pk": 4,
  "fields": {
    "title": "Dai la tua opinione",
    "text": "Dimmi la tua opinione a questi partiti",
    "start": "2022-12-23T23:13:01.016Z",
    "end": "2022-12-23T14:09:14.442Z"
  }
},
{
  "model": "polls.poll",
  "pk": 7,
  "fields": {
    "title": "Qual è l'esame più difficile",
    "text": "Tra tutti gli esami della triennale, qual è il più difficile secondo te?",
    "start": "2022-12-23T23:13:01.016Z",
    "end": "2022-12-23T14:09:14.442Z"
  }
},
{
  "model": "polls.singlepreferencepoll",
  "pk": 1,
  "fields": {}
},
{
  "model": "polls.singlepreferencepoll",
  "pk": 2,
  "fields": {}
},
{
  "model": "polls.singlepreferencepoll",
  "pk": 3,
  "fields": {}
},
{
  "model": "polls.singlepreferencepoll",
  "pk": 7,
  "fields": {}
},
{
  "model": "polls.majorityopinionpoll",
  "pk": 4,
  "fields": {}
},
{
  "model": "polls.alternative",
  "pk": 1,
  "fields": {
    "poll": 1,
    "text": "blu"
  }
},
{
  "model": "polls.alternative",
  "pk": 2,
  "fields": {
    "poll": 1,
    "text": "rosso"
  }
},
{
  "model": "polls.alternative",
  "pk": 3,
  "fields": {
    "poll": 1,
    "text": "verde"
  }
},
{
  "model": "polls.alternative",
  "pk": 4,
  "fields": {
    "poll": 2,
    "text": "cane"
  }
},
{
  "model": "polls.alternative",
  "pk": 5,
  "fields": {
    "poll": 2,
    "text": "gatto"
  }
},
{
  "model": "polls.alternative",
  "pk": 6,
  "fields": {
    "poll": 2,
    "text": "cavallo"
  }
},
{
  "model": "polls.alternative",
  "pk": 7,
  "fields": {
    "poll": 4,
    "text": "PD"
  }
},
{
  "model": "polls.alternative",
  "pk": 8,
  "fields": {
    "poll": 4,
    "text": "Lega"
  }
},
{
  "model": "polls.alternative",
  "pk": 9,
  "fields": {
    "poll": 4,
    "text": "M5S"
  }
},
{
  "model": "polls.alternative",
  "pk": 10,
  "fields": {
    "poll": 4,
    "text": "FDI"
  }
},
{
  "model": "polls.alternative",
  "pk": 11,
  "fields": {
    "poll": 4,
    "text": "Terzo Polo"
  }
},
{
  "model": "polls.alternative",
  "pk": 24,
  "fields": {
    "poll": 7,
    "text": "Fondamenti dell'informatica"
  }
},
{
  "model": "polls.alternative",
  "pk": 25,
  "fields": {
    "poll": 7,
    "text": "Algoritmi e Strutture dati"
  }
},
{
  "model": "polls.alternative",
  "pk": 26,
  "fields": {
    "poll": 7,
    "text": "Reti di calcolatori"
  }
},
{
  "model": "polls.preference",
  "pk": 1,
  "fields": {
    "poll": 1
  }
},
{
  "model": "polls.preference",
  "pk": 2,
  "fields": {
    "poll": 1
  }
},
{
  "model": "polls.preference",
  "pk": 3,
  "fields": {
    "poll": 1
  }
},
{
  "model": "polls.preference",
  "pk": 4,
  "fields": {
    "poll": 1
  }
},
{
  "model": "polls.preference",
  "pk": 5,
  "fields": {
    "poll": 1
  }
},
{
  "model": "polls.preference",
  "pk": 6,
  "fields": {
    "poll": 1
  }
},
{
  "model": "polls.preference",
  "pk": 7,
  "fields": {
    "poll": 1
  }
},
{
  "model": "polls.preference",
  "pk": 8,
  "fields": {
    "poll": 2
  }
},
{
  "model": "polls.preference",
  "pk": 9,
  "fields": {
    "poll": 2
  }
},
{
  "model": "polls.preference",
  "pk": 10,
  "fields": {
    "poll": 2
  }
},
{
  "model": "polls.preference",
  "pk": 11,
  "fields": {
    "poll": 2
  }
},
{
  "model": "polls.preference",
  "pk": 12,
  "fields": {
    "poll": 2
  }
},
{
  "model": "polls.preference",
  "pk": 13,
  "fields": {
    "poll": 1
  }
},
{
  "model": "polls.preference",
  "pk": 14,
  "fields": {
    "poll": 1
  }
},
{
  "model": "polls.preference",
  "pk": 19,
  "fields": {
    "poll": 4
  }
},
{
  "model": "polls.preference",
  "pk": 20,
  "fields": {
    "poll": 4
  }
},
{
  "model": "polls.preference",
  "pk": 21,
  "fields": {
    "poll": 4
  }
},
{
  "model": "polls.preference",
  "pk": 22,
  "fields": {
    "poll": 1
  }
},
{
  "model": "polls.preference",
  "pk": 30,
  "fields": {
    "poll": 2
  }
},
{
  "model": "polls.preference",
  "pk": 31,
  "fields": {
    "poll": 7
  }
},
{
  "model": "polls.preference",
  "pk": 32,
  "fields": {
    "poll": 7
  }
},
{
  "model": "polls.singlepreference",
  "pk": 1,
  "fields": {
    "alternative": 1
  }
},
{
  "model": "polls.singlepreference",
  "pk": 2,
  "fields": {
    "alternative": 3
  }
},
{
  "model": "polls.singlepreference",
  "pk": 3,
  "fields": {
    "alternative": 2
  }
},
{
  "model": "polls.singlepreference",
  "pk": 4,
  "fields": {
    "alternative": 1
  }
},
{
  "model": "polls.singlepreference",
  "pk": 5,
  "fields": {
    "alternative": 3
  }
},
{
  "model": "polls.singlepreference",
  "pk": 6,
  "fields": {
    "alternative": 1
  }
},
{
  "model": "polls.singlepreference",
  "pk": 7,
  "fields": {
    "alternative": 3
  }
},
{
  "model": "polls.singlepreference",
  "pk": 8,
  "fields": {
    "alternative": 4
  }
},
{
  "model": "polls.singlepreference",
  "pk": 9,
  "fields": {
    "alternative": 5
  }
},
{
  "model": "polls.singlepreference",
  "pk": 10,
  "fields": {
    "alternative": 5
  }
},
{
  "model": "polls.singlepreference",
  "pk": 11,
  "fields": {
    "alternative": 6
  }
},
{
  "model": "polls.singlepreference",
  "pk": 12,
  "fields": {
    "alternative": 6
  }
},
{
  "model": "polls.singlepreference",
  "pk": 13,
  "fields": {
    "alternative": 1
  }
},
{
  "model": "polls.singlepreference",
  "pk": 14,
  "fields": {
    "alternative": 3
  }
},
{
  "model": "polls.singlepreference",
  "pk": 22,
  "fields": {
    "alternative": 3
  }
},
{
  "model": "polls.singlepreference",
  "pk": 30,
  "fields": {
    "alternative": 6
  }
},
{
  "model": "polls.singlepreference",
  "pk": 31,
  "fields": {
    "alternative": 24
  }
},
{
  "model": "polls.singlepreference",
  "pk": 32,
  "fields": {
    "alternative": 25
  }
},
{
  "model": "polls.majoritypreference",
  "pk": 19,
  "fields": {}
},
{
  "model": "polls.majoritypreference",
  "pk": 20,
  "fields": {}
},
{
  "model": "polls.majoritypreference",
  "pk": 21,
  "fields": {}
},
{
  "model": "polls.majorityopinionjudgement",
  "pk": 3,
  "fields": {
    "grade": 5,
    "alternative": 7,
    "preference": 19
  }
},
{
  "model": "polls.majorityopinionjudgement",
  "pk": 4,
  "fields": {
    "grade": 3,
    "alternative": 8,
    "preference": 19
  }
},
{
  "model": "polls.majorityopinionjudgement",
  "pk": 5,
  "fields": {
    "grade": 5,
    "alternative": 9,
    "preference": 19
  }
},
{
  "model": "polls.majorityopinionjudgement",
  "pk": 6,
  "fields": {
    "grade": 2,
    "alternative": 10,
    "preference": 19
  }
},
{
  "model": "polls.majorityopinionjudgement",
  "pk": 7,
  "fields": {
    "grade": 2,
    "alternative": 11,
    "preference": 19
  }
},
{
  "model": "polls.majorityopinionjudgement",
  "pk": 8,
  "fields": {
    "grade": 5,
    "alternative": 7,
    "preference": 20
  }
},
{
  "model": "polls.majorityopinionjudgement",
  "pk": 9,
  "fields": {
    "grade": 2,
    "alternative": 8,
    "preference": 20
  }
},
{
  "model": "polls.majorityopinionjudgement",
  "pk": 10,
  "fields": {
    "grade": 2,
    "alternative": 9,
    "preference": 20
  }
},
{
  "model": "polls.majorityopinionjudgement",
  "pk": 11,
  "fields": {
    "grade": 4,
    "alternative": 10,
    "preference": 20
  }
},
{
  "model": "polls.majorityopinionjudgement",
  "pk": 12,
  "fields": {
    "grade": 2,
    "alternative": 11,
    "preference": 20
  }
},
{
  "model": "polls.majorityopinionjudgement",
  "pk": 13,
  "fields": {
    "grade": 3,
    "alternative": 7,
    "preference": 21
  }
},
{
  "model": "polls.majorityopinionjudgement",
  "pk": 14,
  "fields": {
    "grade": 4,
    "alternative": 8,
    "preference": 21
  }
},
{
  "model": "polls.majorityopinionjudgement",
  "pk": 15,
  "fields": {
    "grade": 3,
    "alternative": 9,
    "preference": 21
  }
},
{
  "model": "polls.majorityopinionjudgement",
  "pk": 16,
  "fields": {
    "grade": 2,
    "alternative": 10,
    "preference": 21
  }
},
{
  "model": "polls.majorityopinionjudgement",
  "pk": 17,
  "fields": {
    "grade": 3,
    "alternative": 11,
    "preference": 21
  }
}
]
